login;repo_name;type
github-actions[bot];zhaobudaomingzi/lobe-chat;PushEvent
ingo-h;UPnPsdk/UPnPsdk;PushEvent
github-actions[bot];yaperson/yaperson;PushEvent
github-actions[bot];diotoborg/facere-accusamus;PushEvent
dependabot[bot];media-streaming-mesh/mediastreamingmesh.io;DeleteEvent
github-actions[bot];a-2-c-2-anpm/velit-expedita-nemo;PushEvent
github-actions[bot];costen07/test;PushEvent
elyssab4;Thomas-A-Edison-CTE-HS/elyssab4;PushEvent
dependabot[bot];joinrpg/joinrpg-net;CreateEvent
blogdron;blogdron/juc;PushEvent
github-actions[bot];lambrioanpm/cum-nemo-nam;PushEvent
DayaneFreitas;DayaneFreitas/API_Cypress;PushEvent
wbenoit26;wbenoit26/aframev2;PushEvent
github-actions[bot];KPOPCORD/weverse;PushEvent
github-actions[bot];kollorg/facere-suscipit;PushEvent
warmenhoven;warmenhoven/retroarch-apple-deps;PushEvent
natsampson;diskoverdata/diskover-docs;PushEvent
github-actions[bot];gabbpattvelu435346/gabbpattvelu435346;PushEvent
github-actions[bot];Starky-77/weread2notion-pro;PushEvent
github-actions[bot];ellentorg/sint-dicta-modi;PushEvent
github-actions[bot];omegion1npm/modi-repudiandae-mollitia;PushEvent
github-actions[bot];acotor/lobe-chat;PushEvent
github-actions[bot];DaveidWeba/lobe-chat;PushEvent
rafaelbreno;rancher/image-build-multus;PullRequestReviewEvent
Xperior28;Xperior28/NewsBoard;PushEvent
aem-code-sync[bot];hlxsites/24petwatch;IssueCommentEvent
github-actions[bot];jrz233/get-sc-data;PushEvent
Archviz360;cuddlyogre/ExportLDraw;IssuesEvent
github-actions[bot];PiyushKarmhe/PiyushKarmhe;PushEvent
github-actions[bot];0xbravoo/0xbravo;PushEvent
